id,出版社,書名,已閱,購買日,買入價,購買平台,售出價,售出日,閱讀日,備註,再刷
1,親子天下,學校沒教的心理課：自我成長篇—穩定情緒、突破盲點，華麗變身人氣王,,2025-11-04,200,親子天下,,,,,
2,親子天下,穿越驚奇圖書館1：被封印的格林兄弟,,2025-11-04,174,親子天下,,,,,
3,親子天下,奇想聊齋1,,2025-10-22,160,親子天下,,,,有使用點數及優惠券300,
4,親子天下,奇想聊齋2,,2025-10-22,160,親子天下,,,,有使用點數及優惠券300,
5,親子天下,奇想聊齋3,,2025-10-22,160,親子天下,,,,有使用點數及優惠券300,
6,親子天下,奇想三國1：九命喜鵲救曹操,,2025-10-22,149,親子天下,,,,有使用點數及優惠券300,
7,親子天下,身體怎麼了,V,2025-10-22,222,親子天下,250,2026-02-02,2025-11-12,有使用點數及優惠券300,
8,親子天下,生病怎麼辦,V,2025-10-22,222,親子天下,250,2026-02-02,2025-11-11,有使用點數及優惠券300,
9,親子天下,伊豬豬和魯豬豬異想天開腦治大開古怪故事集：勇敢的勇太,V,2025-10-21,164,親子天下,269,2026-03-15,2025-10-24,有使用3.1萬點及優惠券300,
10,親子天下,最想吃的漫畫世界史：好味甜點時光機,,2025-10-21,187,親子天下,,,,有使用3.1萬點及優惠券300,
11,親子天下,最想吃的漫畫世界史：好味食品實驗室,,2025-10-21,187,親子天下,,,,有使用3.1萬點及優惠券300,
12,親子天下,汪汪狗圖解生活數學套書-為什麼電梯沒有0樓？,V,2025-10-21,131,親子天下,,,2025-12-20,有使用3.1萬點及優惠券300,
13,親子天下,汪汪狗圖解生活數學套書-一眨眼的時間是幾秒？,V,2025-10-21,131,親子天下,,,2025-12-20,有使用3.1萬點及優惠券300,
14,親子天下,最有梗的人體教室：針筒兄弟與他們的器官小夥伴,,2025-10-01,215,親子天下,,,,使用6700點及優惠券100元,
15,親子天下,達克比辦案1,,2025-06-09,169,親子天下,,,,,
16,親子天下,達克比辦案2,,2025-06-09,169,親子天下,,,,,
17,親子天下,達克比辦案3,,2025-06-09,169,親子天下,,,,,
18,親子天下,達克比辦案4,,2025-06-09,169,親子天下,,,,,
19,親子天下,達克比辦案5,,2025-06-09,169,親子天下,,,,,
20,親子天下,科學不思議1：點亮營火蟲之光,,2025-04-08,183,親子天下,,,,,
21,親子天下,科學不思議2：生理時鐘滴答滴,,2025-04-08,183,親子天下,,,,,
22,親子天下,科學不思議3：神奇植物吹泡泡,,2025-04-08,184,親子天下,,,,,
23,親子天下,科學不思議4：好想去月球,,2025-04-08,185,親子天下,,,,,
24,親子天下,科學不思議5：尾巴大調查,,2025-04-08,185,親子天下,,,,,
25,親子天下,科學不思議6：昆蟲量體重,,2025-04-08,185,親子天下,,,,,
26,親子天下,我愛奇怪阿公,V,2025-04-08,211,親子天下,210,2025-11-12,,,
27,親子天下,我愛奇怪阿嬤,V,2025-04-08,211,親子天下,210,2025-11-12,,,
28,親子天下,學思達小學堂2：都是我的,V,2025-04-08,174,親子天下,,,2025-10-12,,
29,親子天下,快閃貓生活謎語童話1：神祕山有鬼？,V,2025-04-08,158,親子天下,165,2025-09-22,,,
30,親子天下,快閃貓生活謎語童話2：滾滾豬大富翁,V,2025-04-08,158,親子天下,165,2025-09-22,,,
31,親子天下,快閃貓生活謎語童話3：超級難唸的安眠咒,V,2025-04-08,170,親子天下,165,2025-09-22,,,
32,親子天下,奇想三十六計套書1,,2025-04-08,177,親子天下,,,,,
33,親子天下,奇想三十六計套書2,,2025-04-08,177,親子天下,,,,,
34,親子天下,奇想三十六計套書3,,2025-04-08,177,親子天下,,,,,
35,親子天下,小熊兄妹的點子屋1：點子屋新開張,V,2025-04-08,151,親子天下,151,2025-12-03,2025-11-08,,
36,親子天下,小熊兄妹的點子屋2：不能說的三句話,V,2025-04-08,151,親子天下,151,2025-12-03,2025-11-09,,
37,親子天下,小熊兄妹的點子屋3：超愛睏魔咒大作戰,V,2025-04-08,151,親子天下,151,2025-12-03,2025-11-10,,
38,親子天下,家守神1：暗藏神祕的百年之屋,,2025-03-12,220,親子天下,,,,,
39,親子天下,狐狸一族心探險套書1,V,2025-03-12,176,親子天下,178,2025-10-31,,,
40,親子天下,狐狸一族心探險套書2,V,2025-03-12,176,親子天下,178,2025-10-31,,,
41,親子天下,狐狸一族心探險套書3,V,2025-03-12,176,親子天下,178,2025-10-31,,,
42,親子天下,妙妙喵圖解生活科學1：消失的便便,V,2025-11-04,160,親子天下,,,2026-01-11,,
43,親子天下,妙妙喵圖解生活科學2：超能微波爐,V,2025-10-17,259,博客來,,,2025-10-12,,
44,親子天下,妙妙喵圖解生活科學3：神奇測謊機,V,2025-03-12,202,親子天下,,,2026-01-14,,
45,親子天下,妙妙喵圖解生活科學4：閃電避雷針,V,2025-11-04,177,親子天下,,,2025-11-30,,
46,親子天下,君偉的怪奇報告,,2025-11-04,131,親子天下,,,,,
47,親子天下,君偉的節日報告,V,2025-02-09,176,親子天下,,,2025-11-17,,
48,親子天下,暴龍時光機,V,2025-02-09,164,親子天下,,,,,
49,親子天下,小兒子1：爸爸是夜晚暴食龍,,2025-02-09,177,親子天下,,,,,
50,親子天下,一個傻蛋賣香屁,V,2024-11-05,102,親子天下,133,2025-10-16,,,
51,親子天下,怪傑左羅力1,V,2024-07-07,151,MOMO,,,,,
52,親子天下,怪傑左羅力2,V,2024-07-07,151,MOMO,,,,,
53,親子天下,怪傑左羅力3,V,2024-07-07,151,MOMO,,,,,
54,親子天下,怪傑左羅力4,V,2024-07-07,151,MOMO,,,,,
55,親子天下,怪傑左羅力5,V,2024-07-07,151,MOMO,,,,,
56,親子天下,怪傑左羅力6,V,2024-07-07,151,MOMO,,,,,
57,親子天下,怪傑左羅力7,V,2024-07-07,151,MOMO,,,,,
58,親子天下,怪傑左羅力8,V,2024-07-07,151,MOMO,,,,,
59,親子天下,怪傑左羅力9,V,2024-07-07,151,MOMO,,,,,
60,親子天下,怪傑左羅力10,V,2024-07-07,151,MOMO,,,,,
61,親子天下,怪傑左羅力11,V,2024-08-01,172,FB,,,,,
62,親子天下,怪傑左羅力12,V,2024-08-01,172,FB,,,,,
63,親子天下,怪傑左羅力13,V,2024-08-01,172,FB,,,,,
64,親子天下,怪傑左羅力14,V,2024-08-01,172,FB,,,,,
65,親子天下,怪傑左羅力15,V,2024-08-01,172,FB,,,,,
66,親子天下,怪傑左羅力16,V,2024-08-01,172,FB,,,,,
67,親子天下,怪傑左羅力17,V,2024-08-01,172,FB,,,,,
68,親子天下,怪傑左羅力18,V,2024-08-01,172,FB,,,,,
69,親子天下,怪傑左羅力19,V,2024-08-01,172,FB,,,,,
70,親子天下,怪傑左羅力20,V,2024-08-01,172,FB,,,,,
71,親子天下,怪傑左羅力21,V,2024-11-05,128,親子天下,,,,,
72,親子天下,怪傑左羅力22,V,2024-11-05,128,親子天下,,,,,
73,親子天下,怪傑左羅力23,V,2024-11-05,127,親子天下,,,,,
74,親子天下,怪傑左羅力24,V,2024-11-05,126,親子天下,,,,,
75,親子天下,怪傑左羅力25,V,2024-11-05,125,親子天下,,,,,
76,親子天下,怪傑左羅力26,V,2025-01-14,158,親子天下,,,,,
77,親子天下,怪傑左羅力27,V,2025-01-14,157,親子天下,,,,,
78,親子天下,怪傑左羅力28,V,2025-01-14,174,親子天下,,,,,
79,親子天下,怪傑左羅力29,V,2025-01-14,174,親子天下,,,,,
80,親子天下,怪傑左羅力30,V,2025-01-14,174,親子天下,,,,,
81,親子天下,怪傑左羅力31,V,2025-01-14,174,親子天下,,,,,
82,親子天下,怪傑左羅力32,V,2025-01-14,183,親子天下,,,,,
83,親子天下,怪傑左羅力33,V,2025-01-14,182,親子天下,,,,,
84,親子天下,怪傑左羅力34,V,2025-01-14,182,親子天下,,,,,
85,親子天下,怪傑左羅力35,V,2025-01-14,182,親子天下,,,,,
86,親子天下,怪傑左羅力36,V,2025-01-14,182,親子天下,,,,,
87,親子天下,怪傑左羅力37,V,2025-02-09,204,親子天下,,,,,
88,親子天下,怪傑左羅力38,V,2025-02-09,179,親子天下,,,,,
89,親子天下,怪傑左羅力39,V,2025-02-09,179,親子天下,,,,,
90,親子天下,怪傑左羅力40,V,2025-02-09,179,親子天下,,,,,
91,親子天下,怪傑左羅力41,V,2025-02-09,177,親子天下,,,,,
92,親子天下,怪傑左羅力42,V,2025-02-09,177,親子天下,,,,,
93,親子天下,怪傑左羅力43,V,2025-02-09,177,親子天下,,,,,
94,親子天下,怪傑左羅力44,V,2025-02-09,177,親子天下,,,,,
95,親子天下,怪傑左羅力45,V,2025-02-09,177,親子天下,,,,,
96,親子天下,怪傑左羅力46,V,2025-02-09,178,親子天下,,,,,
97,親子天下,怪傑左羅力47,V,2025-02-09,178,親子天下,,,,,
98,親子天下,怪傑左羅力48,V,2025-02-09,178,親子天下,,,,,
99,親子天下,怪傑左羅力49,V,2025-02-09,178,親子天下,,,,,
100,親子天下,怪傑左羅力50,V,2025-02-09,178,親子天下,,,,,
101,親子天下,怪傑佐羅力51,V,2025-10-01,173,親子天下,,,2026-01-24,使用6700點及優惠券100元,
102,親子天下,怪傑佐羅力52,V,2025-10-01,172,親子天下,,,2026-01-18,使用6700點及優惠券100元,
103,親子天下,怪傑佐羅力53,V,2025-10-01,171,親子天下,,,2026-01-21,使用6700點及優惠券100元,
104,親子天下,怪傑佐羅力54,V,2025-10-01,171,親子天下,,,2025-11-08,使用6700點及優惠券100元,
105,親子天下,怪傑佐羅力55,V,2025-10-01,171,親子天下,,,,使用6700點及優惠券100元,
106,親子天下,怪傑佐羅力56,V,2025-10-11,179,親子天下,,,2026-01-23,優惠券100元,
107,親子天下,怪傑佐羅力57,V,2025-10-11,179,親子天下,,,2025-12-03,優惠券100元,
108,親子天下,怪傑佐羅力58,V,2025-10-11,178,親子天下,,,2025-11-04,優惠券100元,
109,親子天下,怪傑佐羅力59,V,2025-10-11,178,親子天下,,,2026-03-07,優惠券100元,
110,親子天下,怪傑佐羅力60,V,2025-10-11,189,親子天下,,,2025-10-09,優惠券100元,
111,親子天下,君偉上小學1,V,2024-10-27,230,親子天下,185,2025-09-20,,,
112,親子天下,君偉上小學2,V,2024-10-27,230,親子天下,185,2025-09-20,,,
113,親子天下,君偉上小學3,V,2024-10-27,229,親子天下,185,2025-09-20,,,
114,親子天下,君偉上小學4,V,2024-10-27,228,親子天下,185,2025-09-20,,,
115,親子天下,君偉上小學5,V,2024-10-27,228,親子天下,185,2025-09-20,,,
116,親子天下,君偉上小學6,V,2024-10-27,228,親子天下,185,2025-09-20,,,
117,親子天下,爆笑小火龍套書1,V,2024-10-27,192,親子天下,155,2025-10-11,2025-10-06,,
118,親子天下,爆笑小火龍套書2,V,2024-10-27,192,親子天下,155,2025-10-11,2025-10-06,,
119,親子天下,爆笑小火龍套書3,V,2024-10-27,192,親子天下,155,2025-10-11,2025-10-11,,
120,親子天下,爆笑小火龍套書4,V,2024-10-27,192,親子天下,155,2025-10-11,2025-10-07,,
121,親子天下,爆笑小火龍套書5,V,2024-10-27,192,親子天下,155,2025-10-11,2025-10-11,,
122,親子天下,爆笑小火龍套書6,V,2024-10-27,192,親子天下,155,2025-10-11,2025-10-10,,
123,親子天下,爆笑小火龍套書7,V,2024-10-27,192,親子天下,155,2025-10-11,2025-10-05,,
124,親子天下,我家套書1-我家有個遊樂園,V,2024-10-27,158,親子天下,,,,,
125,親子天下,我家套書2-我家有個花果菜園,V,2024-10-27,158,親子天下,,,2025-12-07,,
126,親子天下,我家套書3-我家有個烏龜園,V,2024-10-27,158,親子天下,,,2025-11-30,,
127,親子天下,我家套書4-我家蓋了新房子,V,2024-10-27,158,親子天下,,,,,
128,親子天下,我家套書5-我家的美味時間,V,2024-10-27,158,親子天下,,,2025-12-06,,
129,親子天下,微生物的小秘密1,V,2025-06-09,202,MOMO,,,,,
130,親子天下,微生物的小秘密2,V,2025-06-09,202,MOMO,,,,,
131,親子天下,微生物的小秘密3,V,2025-06-09,202,MOMO,,,2025-10-17,,
132,親子天下,微生物的小秘密4,V,2025-06-09,202,MOMO,,,2025-10-18,,
133,親子天下,奇想西遊記1,V,2024-11-10,156,MOMO,142,2025-10-25,,雙11,
134,親子天下,奇想西遊記2,V,2024-11-10,156,MOMO,142,2025-10-25,2025-09-04,雙11,
135,親子天下,奇想西遊記3,V,2024-11-10,156,MOMO,142,2025-10-25,2025-09-12,雙11,
136,親子天下,奇想西遊記4,V,2024-11-10,156,MOMO,142,2025-10-25,2025-09-21,雙11,
137,親子天下,山雨小學2：生氣王子番外篇,V,2024-05-13,260,其他,176,,,,
138,親子天下,山雨小學1：愛哭公主番外篇,V,2024-05-13,260,其他,176,,,,
139,親子天下,愛思考的貓巧可1,V,2023-06-25,156,誠品,123,,,,
140,親子天下,愛思考的貓巧可2,V,2023-06-25,156,誠品,123,,,,
141,親子天下,愛思考的貓巧可3,V,2023-06-25,156,誠品,123,,,,
142,親子天下,愛思考的貓巧可4,V,2023-06-25,156,誠品,123,,,,
143,親子天下,愛思考的貓巧可5,V,2023-06-25,156,誠品,123,,,,
144,親子天下,字的傳奇1,V,2023-08-30,193,親子天下,155,2025-11-04,2025-09-02,,
145,親子天下,字的傳奇2,V,2023-08-30,193,親子天下,155,2025-11-04,2025-09-21,,
146,親子天下,字的傳奇3,V,2023-08-30,193,親子天下,155,2025-11-04,2025-09-28,,
147,親子天下,字的傳奇4,V,2023-08-30,193,親子天下,155,2025-11-04,2025-09-29,,
148,親子天下,字的傳奇5,V,2023-08-30,193,親子天下,155,2025-11-04,2025-10-03,,
149,采實,給小學生的環境自然課,V,2025-10-20,0,團書,,,,,
150,采實,101種書的使用方法,,2025-10-20,0,團書,,,,,
151,采實,生活素養小學堂1,,2025-10-20,221,團書,,,,已9折後再折50元,
152,采實,生活素養小學堂2,,2025-10-20,221,團書,,,,已9折後再折50元,
153,采實,生活素養小學堂3,,2025-10-20,221,團書,,,,已9折後再折50元,
154,采實,生活素養小學堂4,,2025-10-20,221,團書,,,,已9折後再折50元,
155,采實,科學小偵探1-神秘島的謎團,V,2025-10-20,203,團書,,,2025-12-28,已9折後再折50元,
156,采實,科學小偵探2-勇闖科學樂園,V,2025-10-20,203,團書,,,2026-01-01,已9折後再折50元,
157,采實,科學小偵探3-抓住神秘怪盜,V,2025-10-20,203,團書,,,2026-03-17,已9折後再折50元,
158,采實,小學生的腦科學漫畫-人類探索研究小隊1,,2025-10-20,203,團書,,,,已9折後再折50元,
159,采實,小學生的腦科學漫畫-人類探索研究小隊2,,2025-10-20,203,團書,,,,已9折後再折50元,
160,采實,小學生的腦科學漫畫-人類探索研究小隊3 為什麼人有這麼多情緒？,V,2025-10-20,203,團書,,,2025-12-24,已9折後再折50元,
161,采實,操場底下的100層樓學校1,V,2025-04-07,115,博客來,,,,,
162,采實,操場底下的100層樓學校2,V,2025-04-07,115,博客來,,,2025-12-18,,
163,采實,操場底下的100層樓學校3,,2025-04-07,115,博客來,,,,,
164,采實,操場底下的100層樓學校4,,2025-04-07,115,博客來,,,,,
165,采實,科學天才小偵探1,V,2024-07-07,209,MOMO,,,,,
166,采實,科學天才小偵探2,V,2024-07-07,209,MOMO,,,,,
167,采實,科學天才小偵探3,,2024-07-07,209,MOMO,,,,,
168,采實,科學天才小偵探4,,2024-07-07,209,MOMO,,,,,
169,采實,科學天才小偵探5,,2024-07-07,209,MOMO,,,,,
170,華王,爆笑科學王1,V,2023-08-07,197,博客來,,,,,
171,華王,爆笑科學王2,V,2023-08-07,197,博客來,,,,,
172,華王,爆笑科學王3,V,2023-08-07,197,博客來,,,,,
173,華王,爆笑科學王4,V,2023-08-07,197,博客來,,,,,
174,華王,爆笑科學王5,V,2023-08-07,197,博客來,,,,,
175,華王,爆笑科學王6,V,2025-08-10,236,MOMO,,,,,
176,華王,爆笑科學王7,V,2025-08-10,236,MOMO,,,,,
177,華王,爆笑科學王8,V,2025-08-10,236,MOMO,,,,,
178,華王,爆笑科學王9,V,2025-08-10,236,MOMO,,,2025-09-02,,
179,華王,爆笑科學王10,V,2025-08-28,252,MOMO,,,2025-09-15,,
180,華王,爆笑科學王11,V,2025-08-28,252,MOMO,,,2025-09-23,,
181,華王,爆笑科學王12,V,2025-08-28,252,MOMO,,,2025-09-24,,
182,華王,爆笑科學王13,V,2025-09-23,243,MOMO,,,2025-10-02,,
183,華王,爆笑科學王14,V,2025-09-23,243,MOMO,,,2025-10-04,,
184,華王,爆笑科學王15,V,2025-09-23,243,MOMO,,,2025-10-06,,
185,華王,爆笑科學王16,V,2025-11-04,238,MOMO,,,2025-12-25,,
186,華王,爆笑科學王17,V,2025-11-04,212,MOMO,,,2025-12-27,,
187,華王,爆笑科學王18,V,2025-12-03,212,MOMO,,,2026-02-20,,
188,小熊,怦怦！怦怦！聽聽身體的祕密：打開耳朵，探索人體的構造和運作機制,,2025-11-25,223,讀共,,,,,
189,小熊,工作細胞繪本1,V,2025-09-23,236,MOMO,,,2025-09-29,,
190,小熊,工作細胞繪本2,V,2025-09-23,236,MOMO,,,2025-09-29,,
191,小熊,工作細胞繪本3,V,2025-09-23,236,MOMO,,,2025-09-29,,
192,小熊,工作細胞繪本4,V,2025-09-23,236,MOMO,,,2025-09-29,,
193,小熊,工作細胞繪本5,V,2025-09-23,236,MOMO,,,2025-10-01,,
194,小熊,工作細胞繪本6,V,2025-11-01,206,MOMO,,,2025-11-04,雙11,
195,小熊,半神鈴音丸1,,2025-05-15,183,MOMO,,,,,
196,小熊,半神鈴音丸2,,2025-05-15,183,MOMO,,,,,
197,小熊,半神鈴音丸3,,2025-05-15,183,MOMO,,,,,
198,小熊,半神鈴音丸4,,2025-05-15,183,MOMO,,,,,
199,小熊,半神鈴音丸5,,2025-05-15,183,MOMO,,,,,
200,小熊,半神鈴音丸6,,2025-05-15,183,MOMO,,,,,
201,小熊,半神鈴音丸7,,2025-05-15,183,MOMO,,,,,
202,小熊,汽水偵探1,V,2025-04-19,208,MOMO,204,2026-01-01,2025-12-09,,
203,小熊,汽水偵探2,V,2025-04-19,208,MOMO,204,2026-01-01,2025-12-12,,
204,小熊,汽水偵探3,V,2025-04-19,208,MOMO,204,2026-01-01,2025-12-11,,
205,小熊,汽水偵探4,V,2025-04-19,208,MOMO,204,2026-01-01,2025-12-08,,
206,小熊,汽水偵探5,V,2025-04-19,208,MOMO,204,2026-01-01,2025-12-13,,
207,木馬文化,荒島食驗家1-過貓泡麵,V,2025-10-17,194,MOMO,,,2025-10-26,,
208,木馬文化,荒島食驗家2-野薑花煮魚,V,2025-10-18,194,MOMO,,,2025-10-29,,
209,木馬文化,荒島食驗家3-檸檬牡蠣炊飯,V,2025-10-19,194,MOMO,,,2025-11-02,,
210,小天下,梅子老師這一班1,,2025-12-01,177,MOMO,,,,,
211,小天下,梅子老師這一班2,,2025-12-01,177,MOMO,,,,,
212,小天下,梅子老師這一班3,,2025-12-01,177,MOMO,,,,,
213,小天下,梅子老師這一班4,,2025-12-01,177,MOMO,,,,,
214,小天下,梅子老師這一班5-什麼？老師不教了！,V,2025-12-01,177,MOMO,,,2026-03-15,,
215,小天下,梅子老師這一班6,,2025-12-01,177,MOMO,,,,,
216,小天下,梅子老師這一班7,,2025-12-01,177,MOMO,,,,,
217,小天下,小小科學人：100人體大發現,,2025-10-07,365,博客來,,,,,
218,小天下,小小科學人：100食物大發現,,2025-10-07,302,博客來,,,,,
219,小天下,情緒遊樂園,X,2024-11-11,194,MOMO,184,2025-11-29,,,
220,小天下,安心國小1,V,2024-11-11,194,MOMO,184,2025-11-29,,,
221,小天下,安心國小2,V,2024-11-11,194,MOMO,184,2025-11-29,,,
222,小天下,安心國小3,V,2024-11-11,194,MOMO,184,2025-11-29,,,
223,小天下,安心國小4,V,2024-11-11,194,MOMO,184,2025-11-29,,,
224,小天下,安心國小5,V,2024-11-11,194,MOMO,184,2025-11-29,,,
225,小天下,安心國小6,V,2024-11-11,194,MOMO,184,2025-11-29,,,
226,小天下,安心國小7,V,2025-04-07,252,博客來,209,2026-01-06,,,
227,小天下,安心國小8,V,2025-04-07,252,博客來,209,2026-01-06,,,
228,小天下,安心國小9,V,2025-04-07,252,博客來,209,2026-01-06,,,
229,小天下,安心國小10,V,2025-04-07,252,博客來,209,2026-01-06,,,
230,小天下,安心國小11,V,2025-10-07,228,博客來,220,2025-12-19,2025-10-24,,
231,小天下,安心國小12,V,2025-10-07,228,博客來,220,2025-12-19,2025-10-25,,
232,國語日報,三字經小學堂1：古人也有煩惱嗎？,,2025-09-30,210,MOMO,,,,,
233,國語日報,三字經小學堂2：古人也有煩惱嗎？,,2025-09-30,210,MOMO,,,,,
234,國語日報,三字經小學堂3：古人也有煩惱嗎？,,2025-09-30,204,MOMO,,,,,
235,小兵,香腸班長妙老師1,V,2025-09-30,198,團書,,,2025-09-28,2026/2/1二刷,
236,小兵,香腸班長妙老師2,V,2025-09-30,198,團書,,,2025-10-14,2026/4/14二刷,
237,小兵,香腸班長妙老師3,V,2025-09-30,198,團書,,,2025-10-17,2026/4/17二刷,
238,小兵,香腸班長妙老師4,V,2025-09-30,198,團書,,,2025-10-21,,
239,小兵,小四愛作怪1,V,2025-09-30,185,團書,,,2026-01-18,,
240,小兵,小四愛作怪2,V,2025-09-30,185,團書,,,2026-02-09,,
241,小兵,小四愛作怪3,,2025-09-30,185,團書,,,,,
242,小兵,小四愛作怪4,,2025-09-30,185,團書,,,,,
243,小兵,小四愛作怪5,,2025-09-30,185,團書,,,,,
244,小兵,小四愛作怪6,,2025-09-30,185,團書,,,,,
245,小兵,草莓心事三部曲1,,2025-09-30,185,團書,,,,,
246,小兵,草莓心事三部曲2,,2025-09-30,185,團書,,,,,
247,小兵,草莓心事三部曲3,,2025-09-30,185,團書,,,,,
248,小樹,大豐國小族球隊1,,2025-07-29,270,團書,,,,,
249,野人,萌漫大話成語王1,,2025-07-29,291,團書,,,,,
250,野人,穿越古代當神探1,,2025-07-29,248,團書,,,,,
251,野人,穿越古代當神探2,,2025-07-29,248,團書,,,,,
252,野人,穿越古代當神探3,,2025-07-29,248,團書,,,,,
253,野人,穿越古代當神探4,,2025-07-29,248,團書,,,,,
254,時報,小王子立體書,,2025-07-24,1393,團書,,,,,
255,時報,法布爾昆蟲記立體書,,2025-07-24,903,團書,,,,,
256,東雨,口袋神探-尖端科技篇3,,2025-06-24,199,團書,,,,,
257,東雨,綠野仙蹤1-神秘的魔法師,V,2025-06-24,100,團書,,,2026-01-26,,
258,東雨,公平？不公平？教你獨立思考，如何判斷！,V,2025-06-24,100,團書,163,2026-01-31,2025-12-21,,
259,東雨,三分天下、十分搞笑的三國演義1,,2025-06-24,225,團書,,,,,
260,東雨,三分天下、十分搞笑的三國演義2,,2025-06-24,225,團書,,,,,
261,東雨,臭屁實習偵探1,V,2025-06-24,185,團書,,,,,
262,東雨,臭屁實習偵探2,V,2025-06-24,185,團書,,,2025-09-14,,
263,東雨,臭屁實習偵探3,V,2025-06-24,185,團書,,,2025-10-04,,
264,東雨,歷史人物在我們班1,,2025-06-24,200,團書,,,,,
265,東雨,歷史人物在我們班2,,2025-06-24,200,團書,,,,,
266,東雨,歷史人物在我們班3,,2025-06-24,200,團書,,,,,
267,東雨,歷史人物在我們班4,,2025-06-24,200,團書,,,,,
268,東雨,歷史人物在我們班5,,2025-06-24,200,團書,,,,,
269,東雨,7歲名偵探-小福爾摩斯1-遊樂園有鬼,V,2025-06-24,100,團書,116,2025-11-29,2025-10-26,,
270,東雨,寫給中小學生的工作圖鑑,,2026-01-15,261,回頭書,,,,,
271,東雨,妖怪學園（1）：妖怪開學日,,2026-01-15,144,回頭書,,,,,
272,東雨,妖怪學園（2）：放學後的神祕郵件,,2026-01-15,144,回頭書,,,,,
273,東雨,出發吧！科學露營車1 洞穴地質與生態,,2026-01-15,180,回頭書,,,,,
274,東雨,圖解10歲就懂的AI入門,,2026-01-15,171,回頭書,,,,,
275,東雨,超有趣!看漫畫學三國成語②:曹操統一北方.赤壁之戰,,2026-01-15,171,回頭書,,,,,
276,東雨,超有趣！看漫畫學三國成語①：董卓亂政．群雄割據,,2026-01-15,171,回頭書,,,,,
277,三采,只是開玩笑，竟然變被告1,,2025-12-18,235,蝦皮,,,,,
278,三采,只是開玩笑，竟然變被告2,,2025-12-18,235,蝦皮,,,,,
279,三采,只是開玩笑，竟然變被告3,,2025-12-18,235,蝦皮,,,,,
280,三采,只是開玩笑，竟然變被告4,,2025-12-18,235,蝦皮,,,,,
281,三采,尋寶記1,,2025-11-01,170,MOMO,,,,雙11,
282,三采,尋寶記2,,2025-11-01,170,MOMO,,,,雙11,
283,三采,尋寶記3,,2025-11-01,170,MOMO,,,,雙11,
284,三采,尋寶記4,,2025-11-01,170,MOMO,,,,雙11,
285,三采,尋寶記5,,2025-11-01,170,MOMO,,,,雙11,
286,三采,尋寶記6-美國,V,2025-11-01,170,MOMO,,,2025-11-02,雙11,
287,三采,尋寶記7,,2025-11-01,170,MOMO,,,,雙11,
288,三采,尋寶記8,,2025-11-01,170,MOMO,,,,雙11,
289,三采,尋寶記9,,2025-11-01,170,MOMO,,,,雙11,
290,三采,尋寶記10,,2025-11-01,170,MOMO,,,,雙11,
291,三采,尋寶記11,,2025-11-01,170,MOMO,,,,雙11,
292,三采,尋寶記12,,2025-11-01,170,MOMO,,,,雙11,
293,三采,尋寶記13,,2025-11-01,170,MOMO,,,,雙11,
294,三采,尋寶記14,,2025-11-01,170,MOMO,,,,雙11,
295,三采,尋寶記15,,2025-11-01,170,MOMO,,,,雙11,
296,三采,尋寶記16,,2025-11-01,170,MOMO,,,,雙11,
297,三采,尋寶記17,,2025-11-01,170,MOMO,,,,雙11,
298,三采,尋寶記18,,2025-11-01,170,MOMO,,,,雙11,
299,三采,尋寶記19,,2025-11-01,170,MOMO,,,,雙11,
300,三采,尋寶記20,,2025-11-01,170,MOMO,,,,雙11,
301,三采,尋寶記21,,2025-11-01,170,MOMO,,,,雙11,
302,三采,尋寶記22,,2025-11-01,170,MOMO,,,,雙11,
303,三采,尋寶記23,,2025-11-01,170,MOMO,,,,雙11,
304,三采,尋寶記24,,2025-11-01,170,MOMO,,,,雙11,
305,三采,尋寶記25,,2025-11-01,170,MOMO,,,,雙11,
306,三采,尋寶記26,,2025-11-01,170,MOMO,,,,雙11,
307,三采,尋寶記27,,2025-11-01,170,MOMO,,,,雙11,
308,三采,尋寶記28,,2025-11-01,170,MOMO,,,,雙11,
309,三采,尋寶記29,,2025-11-01,170,MOMO,,,,雙11,
310,三采,尋寶記30,,2025-11-01,170,MOMO,,,,雙11,
311,三采,尋寶記31,,2025-11-01,170,MOMO,,,,雙11,
312,三采,尋寶記32,,2025-11-01,170,MOMO,,,,雙11,
313,三采,尋寶記33,,2025-11-01,170,MOMO,,,,雙11,
314,三采,尋寶記34,,2025-11-01,170,MOMO,,,,雙11,
315,三采,尋寶記35,,2025-11-01,170,MOMO,,,,雙11,
316,三采,科學實驗王1-酸鹼中和,V,2025-11-01,165,MOMO,,,2025-11-20,雙11,
317,三采,科學實驗王2-牛頓運動定律,V,2025-11-01,165,MOMO,,,2025-11-22,雙11,
318,三采,科學實驗王3-光的折射與反射,V,2025-11-01,165,MOMO,,,2025-11-23,雙11,
319,三采,科學實驗王4-光合作用與呼吸作用,V,2025-11-01,165,MOMO,,,2025-11-25,雙11,
320,三采,科學實驗王5-電流與磁力,V,2025-11-01,165,MOMO,,,2025-11-26,雙11,
321,三采,科學實驗王6-環境與污染,V,2025-11-01,165,MOMO,,,2025-11-28,雙11,
322,三采,科學實驗王7-人體的奧秘,V,2025-11-01,165,MOMO,,,2025-11-29,雙11,
323,三采,科學實驗王8-基因與遺傳,V,2025-11-01,165,MOMO,,,2026-04-04,雙11,
324,三采,科學實驗王9,,2025-11-01,165,MOMO,,,,雙11,
325,三采,科學實驗王10,,2025-11-01,165,MOMO,,,,雙11,
326,三采,科學實驗王11,,2025-11-01,165,MOMO,,,,雙11,
327,三采,科學實驗王12,,2025-11-01,165,MOMO,,,,雙11,
328,三采,科學實驗王13,,2025-11-01,165,MOMO,,,,雙11,
329,三采,科學實驗王14,,2025-11-01,165,MOMO,,,,雙11,
330,三采,科學實驗王15,,2025-11-01,165,MOMO,,,,雙11,
331,三采,科學實驗王16,,2025-11-01,165,MOMO,,,,雙11,
332,三采,科學實驗王17,,2025-11-01,165,MOMO,,,,雙11,
333,三采,科學實驗王18,,2025-11-01,165,MOMO,,,,雙11,
334,三采,科學實驗王19,,2025-11-01,165,MOMO,,,,雙11,
335,三采,科學實驗王20,,2025-11-01,165,MOMO,,,,雙11,
336,三采,希臘羅馬神話1,,2025-11-01,189,MOMO,,,,雙11,
337,三采,希臘羅馬神話2,,2025-11-01,189,MOMO,,,,雙11,
338,三采,希臘羅馬神話3,,2025-11-01,189,MOMO,,,,雙11,
339,三采,希臘羅馬神話4,,2025-11-01,189,MOMO,,,,雙11,
340,三采,希臘羅馬神話5,,2025-11-01,189,MOMO,,,,雙11,
341,三采,希臘羅馬神話6,,2025-11-01,189,MOMO,,,,雙11,
342,三采,希臘羅馬神話7,,2025-11-01,189,MOMO,,,,雙11,
343,三采,希臘羅馬神話8,,2025-11-01,189,MOMO,,,,雙11,
344,三采,希臘羅馬神話9,,2025-11-01,189,MOMO,,,,雙11,
345,三采,希臘羅馬神話10,,2025-11-01,189,MOMO,,,,雙11,
346,三采,大英百科-科技6-人工智慧,V,2025-06-10,297,MOMO,,,2026-03-14,,
347,三采,大英百科-科技7-巨量資料,,2025-06-10,297,MOMO,,,,,
348,三采,大英百科-科技8-生物科技,,2025-06-10,297,MOMO,,,,,
349,三采,大英百科-科技9-自駕車,,2025-06-10,297,MOMO,,,,,
350,三采,大英百科-科技10-NASA與航太科技,,2025-06-10,297,MOMO,,,,,
351,三采,大英百科-生物地科1-昆蟲與蜘蛛,,2026-03-07,248,MOMO,,,,,
352,三采,大英百科-生物地科2-地球,,2026-03-07,248,MOMO,,,,,
353,三采,大英百科-生物地科3-微生物,,2026-03-07,248,MOMO,,,,,
354,三采,大英百科-生物地科4-兩棲類與爬蟲類,,2026-03-07,248,MOMO,,,,,
355,三采,大英百科-生物地科5-潮間帶,,2026-03-07,248,MOMO,,,,,
356,三采,大英百科-生物地科6-天氣,,2026-03-07,248,MOMO,,,,,
357,三采,大英百科-生物地科7-龐物家禽家畜,,2026-03-07,248,MOMO,,,,,
358,三采,大英百科-生物地科8-恐龍,,2026-03-07,248,MOMO,,,,,
359,三采,大英百科-生物地科9-環境,,2026-03-07,248,MOMO,,,,,
360,三采,大英百科-生物地科10-北極與南極,,2026-03-07,248,MOMO,,,,,
361,三采,大英百科-物理化學1-宇宙,,2026-03-07,248,MOMO,,,,,
362,三采,大英百科-物理化學2-光與聲音,,2026-03-07,248,MOMO,,,,,
363,三采,大英百科-物理化學3-物質的特性,,2026-03-07,248,MOMO,,,,,
364,三采,大英百科-物理化學4-力與能量,,2026-03-07,248,MOMO,,,,,
365,三采,大英百科-物理化學5-水,,2026-03-07,248,MOMO,,,,,
366,三采,小妖怪1,V,2024-09-11,179,其他,161,,,,
367,三采,小妖怪2,V,2024-09-11,179,其他,161,,,,
368,三采,小妖怪3,V,2024-09-11,179,其他,161,,,,
369,三采,小妖怪4,V,2024-09-11,179,其他,161,,,,
370,三采,小妖怪5,V,2024-09-11,179,其他,161,,,,
371,三采,小妖怪6,V,2024-09-11,179,其他,161,,,,
372,三采,小妖怪7,V,2024-09-11,179,其他,161,,,,
373,三采,小妖怪8,V,2024-09-11,179,其他,161,,,,
374,三采,小妖怪9,V,2024-09-11,179,其他,161,,,,
375,三采,小妖怪10,V,2024-09-11,179,其他,161,,,,
376,三采,小妖怪11,V,2024-10-20,219,MOMO,171,,,有點數每本折10元，未扣,
377,三采,小妖怪12,V,2024-10-20,219,MOMO,171,,,有點數每本折10元，未扣,
378,三采,小妖怪13,V,2024-10-20,219,MOMO,171,,,有點數每本折10元，未扣,
379,三采,小妖怪14,V,2024-10-20,219,MOMO,171,,,有點數每本折10元，未扣,
380,三采,小妖怪15,V,2024-10-20,219,MOMO,171,,,有點數每本折10元，未扣,
381,三采,小妖怪16,V,2024-10-20,219,MOMO,171,,,有點數每本折10元，未扣,
382,三采,小妖怪17,V,2024-10-20,219,MOMO,171,,,有點數每本折10元，未扣,
383,三采,小妖怪18,V,2024-10-20,219,MOMO,171,,,有點數每本折10元，未扣,
384,三采,小妖怪19,V,2024-10-20,219,MOMO,171,,,有點數每本折10元，未扣,
385,三采,小妖怪20,V,2024-10-20,219,MOMO,171,,,有點數每本折10元，未扣,
386,三采,小妖怪21,V,2024-10-31,177,FB,171,,,,
387,三采,小妖怪22,V,2024-10-31,177,FB,171,,,,
388,三采,小妖怪23,V,2024-10-31,177,FB,171,,,,
389,三采,小妖怪24,V,2024-10-31,177,FB,171,,,,
390,三采,小妖怪25,V,2024-10-31,177,FB,171,,,,
391,三采,小妖怪26,V,2024-10-31,177,FB,171,,,,
392,三采,小妖怪27,V,2024-10-31,177,FB,171,,,,
393,三采,小妖怪28,V,2024-10-31,177,FB,171,,,,
394,三采,小妖怪29,V,2024-10-31,177,FB,171,,,,
395,三采,小妖怪30,V,2024-10-31,177,FB,171,,,,
396,三采,褲子小偷1,V,2024-09-12,247,其他,,,2026-04-06,,
397,三采,褲子小偷2,V,2024-09-12,247,其他,,,2026-04-06,,
398,三采,天才麵包理髮師1,V,2024-09-11,221,團書,242,2026-02-24,2026-02-07,二刷、三刷,
399,三采,天才麵包理髮師2,V,2024-09-11,221,團書,242,2026-02-24,,,
400,三采,天才麵包理髮師3,V,2024-09-11,221,團書,242,2026-02-24,,,
401,三采,天才麵包理髮師4,V,2024-09-11,221,團書,242,2026-02-24,,,
402,三采,天才麵包理髮師5,V,2024-09-11,221,團書,242,2026-02-24,,,
403,三采,普通兄妹的秘密日記1,V,2024-09-11,241,團書,200,,,,
404,三采,普通兄妹的秘密日記2,V,2024-09-11,241,團書,200,,,,
405,三采,普通兄妹的秘密日記3,V,2024-09-11,241,團書,200,,,,
406,三采,普通兄妹的密室逃脫任務1,V,2024-09-11,241,團書,231,2026-01-14,,,
407,三采,普通兄妹的密室逃脫任務2,V,2024-09-11,241,團書,231,2026-01-14,,,
408,三采,天才圍棋王1,V,2024-09-11,262,團書,,,2025-10-10,,
409,遠流,天生就是超級咖-我很奇怪但很可愛2,V,2025-05-28,271,團書,,,2026-02-01,,
410,遠流,好聰明漫畫醫學：生病了該怎麼辦？,,2025-05-28,197,團書,,,,,
411,遠流,好聰明漫畫醫學：原來身體這樣運作,,2025-05-28,200,團書,,,,,
412,遠流,漫書台灣故事1,V,2025-05-28,149,團書,,,2026-01-24,2刷,
413,遠流,漫書台灣故事2,V,2025-05-28,149,團書,,,,,
414,遠流,漫書台灣故事3,,2025-05-28,149,團書,,,,,
415,遠流,漫書台灣故事4,,2025-05-28,149,團書,,,,,
416,遠流,漫書台灣故事5,,2025-05-28,149,團書,,,,,
417,遠流,漫書台灣故事6,,2025-05-28,149,團書,,,,,
418,遠流,漫書台灣故事7,,2025-05-28,149,團書,,,,,
419,遠流,漫書台灣故事8,,2025-05-28,149,團書,,,,,
420,遠流,漫書台灣故事9,,2025-05-28,149,團書,,,,,
421,遠流,漫書台灣故事10,,2025-05-28,149,團書,,,,,
422,遠流,漫書台灣故事11,,2025-05-28,149,團書,,,,,
423,遠流,漫書台灣故事12,,2025-05-28,149,團書,,,,,
424,遠流,巴冷公主要嫁蛇王子(臺灣原生動物說故事1),,2025-05-28,218,團書,,,,,
425,遠流,魔法獠牙俠(臺灣原生動物說故事2),,2025-05-28,218,團書,,,,,
426,遠流,好好笑漫畫數學：買賣大作,,2025-05-28,200,團書,,,,,
427,遠流,好好笑漫畫數學：生活數字王,,2025-05-28,200,團書,,,,,
428,遠流,屁屁偵探1,V,2023-09-30,186,MOMO,146,,,,
429,遠流,屁屁偵探2,V,2023-09-30,186,MOMO,146,,,,
430,遠流,屁屁偵探3,V,2023-09-30,186,MOMO,146,,,,
431,遠流,屁屁偵探4,V,2023-09-30,186,MOMO,146,,,,
432,遠流,屁屁偵探5,V,2023-09-30,186,MOMO,146,,,,
433,遠流,屁屁偵探6,V,2023-09-30,186,MOMO,146,,,,
434,遠流,屁屁偵探7,V,2023-09-30,212,MOMO,146,,,,
435,遠流,屁屁偵探8,V,2023-09-30,212,MOMO,146,,,,
436,遠流,屁屁偵探9,V,2023-09-30,212,MOMO,146,,,,
437,遠流,屁屁偵探10,V,2023-09-30,212,MOMO,146,,,,
438,晴好,袖珍動物園1,,2025-12-01,211,MOMO,,,,,
439,晴好,袖珍動物園2,,2025-12-01,211,MOMO,,,,,
440,晴好,袖珍動物園3,,2025-12-01,211,MOMO,,,,,
441,晴好,袖珍動物園4,,2025-12-01,211,MOMO,,,,,
442,晴好,袖珍動物園5,,2025-12-01,211,MOMO,,,,,
443,晴好,神探邁克狐1,X,2025-05-23,181,團書,177,2026-01-04,,,
444,晴好,神探邁克狐2,X,2025-05-23,181,團書,177,2026-01-04,,,
445,晴好,神探邁克狐3,X,2025-05-23,181,團書,177,2026-01-04,,,
446,晴好,神探邁克狐4,X,2025-05-23,181,團書,177,2026-01-04,,,
447,晴好,神探邁克狐5,X,2025-05-23,181,團書,177,2026-01-04,,,
448,晴好,神探邁克狐6,X,2025-05-23,181,團書,177,2026-01-04,,,
449,晴好,欖仁媽媽全球新聞臺【生活篇】小故事讀懂世界，成為守護SDGs的地球小公民,,2026-01-14,223,讀共,,,,110冊24500元,
450,晴好,欖仁媽媽全球新聞臺【世界篇】小故事讀懂世界，成為守護SDGs的地球小公民,,2026-01-14,223,讀共,,,,110冊24500元,
451,小宇宙,吵架了怎麼和好,V,2025-04-16,270,其他,221,2025-11-29,,,
452,小宇宙,無敵姊弟科學大冒險(1)：樂器倉庫的祕密,,2023-08-07,250,博客來,,,,,
453,未來,地獄小學1,V,2025-04-07,216,博客來,184,2025-09-26,,,
454,未來,地獄小學2,V,2025-04-07,216,博客來,184,2025-09-26,,,
455,天衛,說給兒童的臺灣歷史書,,2025-04-07,3500,博客來,,,,,
456,五南,一起開口說唐詩(上),,2024-10-27,280,博客來,,,,折價券25,
457,五南,一起開口說唐詩(下),,2024-10-27,280,博客來,,,,折價券25,
458,小光點,屁屁丹迪1,V,2024-06-10,217,其他,168,2025-04-04,,,
459,小光點,屁屁丹迪2,V,2024-06-10,217,其他,168,2025-04-04,,,
460,小光點,屁屁丹迪3,V,2024-06-10,217,其他,168,2025-04-04,,,
461,小光點,屁屁丹迪4,V,2024-06-10,217,其他,168,2025-04-04,,,
462,小光點,屁屁丹迪5,V,2024-06-10,217,其他,168,2025-04-04,,,
463,小光點,屁屁丹迪6,V,2024-06-10,217,其他,168,2025-04-04,,,
464,小光點,屁屁丹迪7,V,2024-06-10,217,其他,168,2025-04-04,,,
465,小角落文化,漫畫版名人傳 奠定AI基礎的天才數學家—艾倫.圖靈,,2025-11-06,189,MOMO,,,,,
466,小角落文化,漫畫版名人傳 諾貝爾—寄託和平與未來於獎項,,2025-11-06,189,MOMO,,,,,
467,小角落文化,奇怪的無人商店1：奇怪的無人冰店,,2025-12-03,198,MOMO,,,,,
468,步步,三隻小鼴鼠：夏日森林套書<螢光山林>,,2025-11-10,195,MOMO,,,,,
469,步步,三隻小鼴鼠：夏日森林套書<蟬鳴聲林>,,2025-11-10,195,MOMO,,,,,
470,步步,三隻小鼴鼠：夏日森林套書<真菌森林>,,2025-11-10,195,MOMO,,,,,
471,南門,西遊記1,V,2024-03-16,65,南門,72,2025-12-18,,,
472,南門,西遊記2,V,2024-03-16,65,南門,72,2025-12-18,,,
473,南門,西遊記3-10,X,2024-03-16,520,南門,578,2025-12-18,,,
474,南門,三國演義10本,X,2024-03-16,650,南門,739,2025-12-10,,,
475,南門,中國孩子故事100本,V,2023-12-27,3240,南門,2423,2024-04-21,,,
476,南門,小牛頓-地球上的水1,V,2023-11-03,83,南門,,,2025-11-09,,
477,南門,小牛頓-深海潛將—抹香鯨2,V,2023-11-03,83,南門,,,2025-11-11,,
478,南門,小牛頓-最勤勞的小昆蟲—螞蟻3,V,2023-11-03,83,南門,,,2025-11-13,,
479,南門,小牛頓-戰力高強的螳螂4,V,2023-11-03,83,南門,,,2026-03-19,,
480,南門,小牛頓32本,,2023-11-03,2658,南門,,,,,
481,南門,孩子的第一套地理、歷史,,2023-10-16,1210,南門,,,,,
482,南門,漫畫科學超有趣8本,X,2023-10-16,890,南門,809,2026-03-30,,,
483,南門,閱讀啟蒙橋樑書15本,V,2023-09-13,799,南門,573,,,,
484,幼福,神話最強王圖鑑,,2025-12-03,185,MOMO,,,,,
485,幼福,恐龍戰隊最強王圖鑑,V,2026-03-07,185,MOMO,,,2026-03-07,,
486,晨星,我的弟弟叫哪吒1 三千年之約,,2025-12-23,231,團書,,,,5本66折再送1本,
487,晨星,歡迎光臨惡夢雜貨店：可怕的癢癢粉,V,2025-12-23,231,團書,,,2025-12-27,5本66折再送1本,
488,晨星,歡迎光臨惡夢雜貨店：冰天雪地大毛怪,V,2025-12-23,231,團書,,,2025-12-28,5本66折再送1本,2026-03-28 00:00:00
489,晨星,台灣民俗故事1：十二生肖大車拼,,2025-12-23,165,團書,,,,5本66折再送1本,
490,晨星,氣象象的氣象調查筆記,,2025-12-23,277,團書,,,,5本66折再送1本,
491,晨星,為什麼只有地球能住人？因為土壤、空氣、火和水,,2025-12-23,0,團書,,,,5本66折再送1本,
492,晨星,悠哉悠哉危險生物圖鑑,V,2025-12-23,185,團書,,,2026-01-02,5本66折再送1本,
493,晨星,悠哉悠哉深海生物圖鑑,V,2025-12-23,185,團書,,,2026-01-10,5本66折再送1本,
494,晨星,一天一則，發現366個人體有趣知識,,2025-12-23,350,團書,,,,5本66折再送1本,
495,晨星,漫畫圖解—地球環境與SDGs3防止地球暖化！,,2025-12-23,264,團書,,,,5本66折再送1本,
496,晨星,小朋友的衛生學：生活環境×預防疾病×食品安全,,2025-12-23,251,團書,,,,5本66折再送1本,
497,晨星,世界趣聞真奇妙,,2025-12-23,0,團書,,,,5本66折再送1本,
498,和平國際,數學除妖咒術師 妖怪馬戲團 多變的幾何圖形,,2026-01-06,114,酷澎,,,,,
499,和平國際,數學除妖咒術師：友情的考驗 圖解分數、比和比率,,2026-01-06,114,酷澎,,,,,
500,和平國際, 數學除妖咒術師：解開封印 速解四則運算,,2026-01-06,119,酷澎,,,,,
501,華一,孩子愛上自然課了-神奇的頭腦,V,2026-02-08,98,FB,,,2026-04-05,,
502,華一,孩子愛上自然課了-生命的誕生,V,2026-02-08,98,FB,,,2026-04-05,,
503,華一,孩子愛上自然課了-身體裡的器官,V,2026-02-08,98,FB,,,2026-03-30,,
504,華一,孩子愛上自然課了-五官的故事,V,2026-02-08,98,FB,,,2026-03-29,,
505,華一,孩子愛上自然課了-血液的本事,V,2026-02-08,98,FB,,,2026-03-28,,
506,小麥田,Flip-Thinking！來自荷蘭的翻轉思考法,,2026-03-10,99,團書,,,,,
507,小麥田,細菌偵查隊,,2026-03-10,221,團書,,,,折150元,
508,小麥田,漫畫量子力學2-原子世界大探索,,2026-03-10,274,團書,,,,折150元,
509,小麥田,漫畫量子力學2-光的秘密大公開,,2026-03-10,274,團書,,,,折150元,
510,小麥田,我會自己做計畫,,2026-03-10,181,團書,,,,折150元,
511,小麥田,長大後的你想成為什麼樣的人？,,2026-03-10,247,團書,,,,折150元,
512,小麥田,奇蹟機器狗,,2026-03-10,0,團書,,,,,
513,小麥田,書怎麼做出來的,,2026-03-10,0,團書,,,,,
514,小麥田,強尼的神奇種子,,2026-03-10,0,團書,,,,,
515,聯經,砲臺歷險記,V,2025-10-20,143,團書,,,2026-04-06,,
516,字畝文化,為什麼要睡覺？──關於睡眠的20個奧妙知識！,,2026-04-14,223,讀共,,,,,
